/*
SQLyog 企业版 - MySQL GUI v8.14 
MySQL - 5.7.18-log : Database - sell
*********************************************************************
*/

/*!40101 SET NAMES utf8 */;

/*!40101 SET SQL_MODE=''*/;

/*!40014 SET @OLD_UNIQUE_CHECKS=@@UNIQUE_CHECKS, UNIQUE_CHECKS=0 */;
/*!40014 SET @OLD_FOREIGN_KEY_CHECKS=@@FOREIGN_KEY_CHECKS, FOREIGN_KEY_CHECKS=0 */;
/*!40101 SET @OLD_SQL_MODE=@@SQL_MODE, SQL_MODE='NO_AUTO_VALUE_ON_ZERO' */;
/*!40111 SET @OLD_SQL_NOTES=@@SQL_NOTES, SQL_NOTES=0 */;
CREATE DATABASE /*!32312 IF NOT EXISTS*/`sell` /*!40100 DEFAULT CHARACTER SET utf8 */;

USE `sell`;

/*Table structure for table `order_comment` */

DROP TABLE IF EXISTS `order_comment`;

CREATE TABLE `order_comment` (
  `id` int(30) NOT NULL AUTO_INCREMENT,
  `uid` varchar(30) DEFAULT NULL,
  `comment` varchar(30) DEFAULT NULL,
  `orderID` varchar(30) DEFAULT NULL,
  PRIMARY KEY (`id`)
) ENGINE=InnoDB DEFAULT CHARSET=utf8;

/*Data for the table `order_comment` */

/*Table structure for table `order_detail` */

DROP TABLE IF EXISTS `order_detail`;

CREATE TABLE `order_detail` (
  `detail_id` varchar(32) NOT NULL,
  `order_id` varchar(32) NOT NULL,
  `product_id` varchar(32) NOT NULL,
  `product_name` varchar(64) NOT NULL COMMENT 'å•†å“åç§°',
  `product_price` decimal(8,2) NOT NULL COMMENT 'å½“å‰ä»·æ ¼,å•ä½åˆ†',
  `product_quantity` int(11) NOT NULL COMMENT 'æ•°é‡',
  `product_icon` varchar(512) DEFAULT NULL COMMENT 'å°å›¾',
  `create_time` timestamp NOT NULL DEFAULT CURRENT_TIMESTAMP COMMENT 'åˆ›å»ºæ—¶é—´',
  `update_time` timestamp NOT NULL DEFAULT CURRENT_TIMESTAMP ON UPDATE CURRENT_TIMESTAMP COMMENT 'ä¿®æ”¹æ—¶é—´',
  PRIMARY KEY (`detail_id`),
  KEY `idx_order_id` (`order_id`)
) ENGINE=InnoDB DEFAULT CHARSET=utf8 COMMENT='è®¢å•è¯¦æƒ…è¡¨';

/*Data for the table `order_detail` */

insert  into `order_detail`(`detail_id`,`order_id`,`product_id`,`product_name`,`product_price`,`product_quantity`,`product_icon`,`create_time`,`update_time`) values ('1555411089228913009','1555411089134843686','123456','胡辣汤','3.50',10,'http://xxxx.jpg','2019-04-16 18:38:09','2019-04-16 18:38:09'),('1555411089262909661','1555411089134843686','123457','皮皮虾','3.20',10,'http://xxxx.jpg','2019-04-16 18:38:09','2019-04-16 18:38:09'),('1555411553726645486','1555411553661767129','123456','胡辣汤','3.50',10,'http://xxxx.jpg','2019-04-16 18:45:53','2019-04-16 18:45:53'),('1555411553744384233','1555411553661767129','123457','皮皮虾','3.20',10,'http://xxxx.jpg','2019-04-16 18:45:53','2019-04-16 18:45:53'),('1555411672552585950','1555411672489825929','123456','胡辣汤','3.50',10,'http://xxxx.jpg','2019-04-16 18:47:52','2019-04-16 18:47:52'),('1555411672572857149','1555411672489825929','123457','皮皮虾','3.20',10,'http://xxxx.jpg','2019-04-16 18:47:52','2019-04-16 18:47:52'),('1555465518700345347','1555465518553343663','123457','皮皮虾','3.20',2,'http://xxxx.jpg','2019-04-17 09:45:18','2019-04-17 09:45:18'),('1555550222385355066','1555550222321922189','123456','胡辣汤','3.50',1,'http://p14.qhimg.com/t0120e0e0c91bdff49a.jpg','2019-04-18 09:17:02','2019-04-18 09:17:02'),('1555550222408428707','1555550222321922189','123457','皮皮虾','3.20',1,'http://xxxx.jpg','2019-04-18 09:17:02','2019-04-18 09:17:02'),('1555550306196955705','1555550306114322146','123456','胡辣汤','3.50',1,'http://p14.qhimg.com/t0120e0e0c91bdff49a.jpg','2019-04-18 09:18:26','2019-04-18 09:18:26'),('1555550306220592580','1555550306114322146','123457','皮皮虾','3.20',1,'http://xxxx.jpg','2019-04-18 09:18:26','2019-04-18 09:18:26'),('1555550370051645540','1555550369975120650','123456','胡辣汤','3.50',1,'http://p14.qhimg.com/t0120e0e0c91bdff49a.jpg','2019-04-18 09:19:30','2019-04-18 09:19:30'),('1555550370079476942','1555550369975120650','123457','皮皮虾','3.20',1,'http://xxxx.jpg','2019-04-18 09:19:30','2019-04-18 09:19:30'),('1555550409720180000','1555550409648433570','123456','胡辣汤','3.50',1,'http://p14.qhimg.com/t0120e0e0c91bdff49a.jpg','2019-04-18 09:20:09','2019-04-18 09:20:09'),('1555550409743281537','1555550409648433570','123457','皮皮虾','3.20',1,'http://xxxx.jpg','2019-04-18 09:20:09','2019-04-18 09:20:09'),('1555550428523733505','1555550428446837860','123456','胡辣汤','3.50',1,'http://p14.qhimg.com/t0120e0e0c91bdff49a.jpg','2019-04-18 09:20:28','2019-04-18 09:20:28'),('1555550428548195007','1555550428446837860','123457','皮皮虾','3.20',1,'http://xxxx.jpg','2019-04-18 09:20:28','2019-04-18 09:20:28'),('1555550475007180885','1555550474938474667','123456','胡辣汤','3.50',1,'http://p14.qhimg.com/t0120e0e0c91bdff49a.jpg','2019-04-18 09:21:15','2019-04-18 09:21:15'),('1555550475031349853','1555550474938474667','123457','皮皮虾','3.20',1,'http://xxxx.jpg','2019-04-18 09:21:15','2019-04-18 09:21:15'),('1555550517833413709','1555550517747407380','123456','胡辣汤','3.50',1,'http://p14.qhimg.com/t0120e0e0c91bdff49a.jpg','2019-04-18 09:21:57','2019-04-18 09:21:57'),('1555550517873887766','1555550517747407380','123457','皮皮虾','3.20',1,'http://xxxx.jpg','2019-04-18 09:21:57','2019-04-18 09:21:57'),('1555550617406602326','1555550617345975930','123456','胡辣汤','3.50',1,'http://p14.qhimg.com/t0120e0e0c91bdff49a.jpg','2019-04-18 09:23:37','2019-04-18 09:23:37'),('1555550617437247177','1555550617345975930','123457','皮皮虾','3.20',1,'http://xxxx.jpg','2019-04-18 09:23:37','2019-04-18 09:23:37'),('1555571216241271192','1555571216163736814','123456','胡辣汤','3.50',1,'http://p14.qhimg.com/t0120e0e0c91bdff49a.jpg','2019-04-18 15:06:56','2019-04-18 15:06:56'),('1555571216265731994','1555571216163736814','123457','皮皮虾','3.20',1,'http://upload.ldnews.cn/oldfiles/foodplaza/UploadFiles_6403/200905/2009052709112026.jpg','2019-04-18 15:06:56','2019-04-18 15:06:56'),('1555571254254845936','1555571254165300478','123456','胡辣汤','3.50',1,'http://p14.qhimg.com/t0120e0e0c91bdff49a.jpg','2019-04-18 15:07:34','2019-04-18 15:07:34'),('1555571254282884079','1555571254165300478','123457','皮皮虾','3.20',1,'http://upload.ldnews.cn/oldfiles/foodplaza/UploadFiles_6403/200905/2009052709112026.jpg','2019-04-18 15:07:34','2019-04-18 15:07:34'),('1555597790893994126','1555597790891373422','123456','胡辣汤','3.50',2,'http://p14.qhimg.com/t0120e0e0c91bdff49a.jpg','2019-04-18 22:29:50','2019-04-18 22:29:50'),('1555601149695231682','1555601149671884466','123456','胡辣汤','3.50',1,'http://p14.qhimg.com/t0120e0e0c91bdff49a.jpg','2019-04-18 23:25:49','2019-04-18 23:25:49'),('1555601149724236975','1555601149671884466','123457','皮皮虾','3.20',1,'http://upload.ldnews.cn/oldfiles/foodplaza/UploadFiles_6403/200905/2009052709112026.jpg','2019-04-18 23:25:49','2019-04-18 23:25:49'),('1555608573918229185','1555608573904742592','123457','皮皮虾','3.20',2,'http://upload.ldnews.cn/oldfiles/foodplaza/UploadFiles_6403/200905/2009052709112026.jpg','2019-04-19 01:29:33','2019-04-19 01:29:33'),('1555608731347922230','1555608731345610783','123457','皮皮虾','3.20',1,'http://upload.ldnews.cn/oldfiles/foodplaza/UploadFiles_6403/200905/2009052709112026.jpg','2019-04-19 01:32:11','2019-04-19 01:32:11'),('1555608731350834720','1555608731345610783','1555554369328927994','美味鸡翅','15.00',1,'//fuss10.elemecdn.com/7/4a/f307f56216b03f067155aec8b124ejpeg.jpeg','2019-04-19 01:32:11','2019-04-19 01:32:11'),('1555608768659342253','1555608768657959549','123457','皮皮虾','3.20',1,'http://upload.ldnews.cn/oldfiles/foodplaza/UploadFiles_6403/200905/2009052709112026.jpg','2019-04-19 01:32:48','2019-04-19 01:32:48'),('1555608768662608246','1555608768657959549','1555554369328927994','美味鸡翅','15.00',1,'//fuss10.elemecdn.com/7/4a/f307f56216b03f067155aec8b124ejpeg.jpeg','2019-04-19 01:32:48','2019-04-19 01:32:48'),('1555648844408717952','1555648844394296465','1555555109488584202','牛肉丸','5.00',1,'http://imgsrc.baidu.com/image/c0%3Dpixel_huitu%2C0%2C0%2C294%2C40/sign=90fa433207d79123f4ed9c34c44c3cee/e4dde71190ef76c6fd95e8119616fdfaaf516740.jpg','2019-04-19 12:40:44','2019-04-19 12:40:44'),('1555659579849123420','1555659579842411661','123456','胡辣汤','3.50',1,'http://p14.qhimg.com/t0120e0e0c91bdff49a.jpg','2019-04-19 15:39:39','2019-04-19 15:39:39'),('1555659579866882674','1555659579842411661','123457','皮皮虾','3.20',1,'http://upload.ldnews.cn/oldfiles/foodplaza/UploadFiles_6403/200905/2009052709112026.jpg','2019-04-19 15:39:39','2019-04-19 15:39:39'),('1555661931672883798','1555661931670932288','1555555109488584202','牛肉丸','5.00',1,'http://imgsrc.baidu.com/image/c0%3Dpixel_huitu%2C0%2C0%2C294%2C40/sign=90fa433207d79123f4ed9c34c44c3cee/e4dde71190ef76c6fd95e8119616fdfaaf516740.jpg','2019-04-19 16:18:51','2019-04-19 16:18:51'),('1555661931684732035','1555661931670932288','123458','芒果冰','20.00',1,'http://rj1.douguo.net/upload/diet/c/a/0/ca6a486178a29c2951d7f8d52eaebed0.jpg','2019-04-19 16:18:51','2019-04-19 16:18:51'),('1555662211778437139','1555662211777135465','123456','胡辣汤','3.50',1,'http://p14.qhimg.com/t0120e0e0c91bdff49a.jpg','2019-04-19 16:23:31','2019-04-19 16:23:31'),('1555662211780978472','1555662211777135465','123457','皮皮虾','3.20',1,'http://upload.ldnews.cn/oldfiles/foodplaza/UploadFiles_6403/200905/2009052709112026.jpg','2019-04-19 16:23:31','2019-04-19 16:23:31'),('1555662452513609844','1555662452511967731','123456','胡辣汤','3.50',1,'http://p14.qhimg.com/t0120e0e0c91bdff49a.jpg','2019-04-19 16:27:32','2019-04-19 16:27:32'),('1555662452515942279','1555662452511967731','123457','皮皮虾','3.20',1,'http://upload.ldnews.cn/oldfiles/foodplaza/UploadFiles_6403/200905/2009052709112026.jpg','2019-04-19 16:27:32','2019-04-19 16:27:32'),('1555662486593480370','1555662486592712115','123456','胡辣汤','3.50',1,'http://p14.qhimg.com/t0120e0e0c91bdff49a.jpg','2019-04-19 16:28:06','2019-04-19 16:28:06'),('1555662486595145070','1555662486592712115','123457','皮皮虾','3.20',1,'http://upload.ldnews.cn/oldfiles/foodplaza/UploadFiles_6403/200905/2009052709112026.jpg','2019-04-19 16:28:06','2019-04-19 16:28:06'),('1555662552786673197','1555662552785196759','123456','胡辣汤','3.50',1,'http://p14.qhimg.com/t0120e0e0c91bdff49a.jpg','2019-04-19 16:29:12','2019-04-19 16:29:12'),('1555662552788833283','1555662552785196759','123457','皮皮虾','3.20',1,'http://upload.ldnews.cn/oldfiles/foodplaza/UploadFiles_6403/200905/2009052709112026.jpg','2019-04-19 16:29:12','2019-04-19 16:29:12'),('1555662778493244091','1555662778492607051','123456','胡辣汤','3.50',1,'http://p14.qhimg.com/t0120e0e0c91bdff49a.jpg','2019-04-19 16:32:58','2019-04-19 16:32:58'),('1555662778496681995','1555662778492607051','123457','皮皮虾','3.20',1,'http://upload.ldnews.cn/oldfiles/foodplaza/UploadFiles_6403/200905/2009052709112026.jpg','2019-04-19 16:32:58','2019-04-19 16:32:58'),('1555662903638348714','1555662903638602194','1555555109488584202','牛肉丸','5.00',1,'http://imgsrc.baidu.com/image/c0%3Dpixel_huitu%2C0%2C0%2C294%2C40/sign=90fa433207d79123f4ed9c34c44c3cee/e4dde71190ef76c6fd95e8119616fdfaaf516740.jpg','2019-04-19 16:35:03','2019-04-19 16:35:03'),('1555662903640127107','1555662903638602194','123458','芒果冰','20.00',1,'http://rj1.douguo.net/upload/diet/c/a/0/ca6a486178a29c2951d7f8d52eaebed0.jpg','2019-04-19 16:35:03','2019-04-19 16:35:03'),('1555664806249454329','1555664806239168321','123457','皮皮虾','3.20',1,'http://upload.ldnews.cn/oldfiles/foodplaza/UploadFiles_6403/200905/2009052709112026.jpg','2019-04-19 17:06:46','2019-04-19 17:06:46'),('1555664806264387836','1555664806239168321','1555554369328927994','美味鸡翅','15.00',1,'//fuss10.elemecdn.com/7/4a/f307f56216b03f067155aec8b124ejpeg.jpeg','2019-04-19 17:06:46','2019-04-19 17:06:46'),('1555665925292876251','1555665925281175163','123456','胡辣汤','3.50',1,'http://p14.qhimg.com/t0120e0e0c91bdff49a.jpg','2019-04-19 17:25:25','2019-04-19 17:25:25'),('1555665925308939526','1555665925281175163','123457','皮皮虾','3.20',1,'http://upload.ldnews.cn/oldfiles/foodplaza/UploadFiles_6403/200905/2009052709112026.jpg','2019-04-19 17:25:25','2019-04-19 17:25:25'),('1555665925310669259','1555665925281175163','1555554369328927994','美味鸡翅','15.00',1,'//fuss10.elemecdn.com/7/4a/f307f56216b03f067155aec8b124ejpeg.jpeg','2019-04-19 17:25:25','2019-04-19 17:25:25'),('1555665991276256664','1555665991274399557','123456','胡辣汤','3.50',1,'http://p14.qhimg.com/t0120e0e0c91bdff49a.jpg','2019-04-19 17:26:31','2019-04-19 17:26:31'),('1555665991279842372','1555665991274399557','123457','皮皮虾','3.20',1,'http://upload.ldnews.cn/oldfiles/foodplaza/UploadFiles_6403/200905/2009052709112026.jpg','2019-04-19 17:26:31','2019-04-19 17:26:31'),('1555666162711556698','1555666162709498985','123456','胡辣汤','3.50',1,'http://p14.qhimg.com/t0120e0e0c91bdff49a.jpg','2019-04-19 17:29:22','2019-04-19 17:29:22'),('1555666162714724901','1555666162709498985','123457','皮皮虾','3.20',1,'http://upload.ldnews.cn/oldfiles/foodplaza/UploadFiles_6403/200905/2009052709112026.jpg','2019-04-19 17:29:22','2019-04-19 17:29:22'),('1555666201074410643','1555666201073714854','123456','胡辣汤','3.50',1,'http://p14.qhimg.com/t0120e0e0c91bdff49a.jpg','2019-04-19 17:30:01','2019-04-19 17:30:01'),('1555666201077922794','1555666201073714854','123457','皮皮虾','3.20',1,'http://upload.ldnews.cn/oldfiles/foodplaza/UploadFiles_6403/200905/2009052709112026.jpg','2019-04-19 17:30:01','2019-04-19 17:30:01'),('1555666331766668765','1555666331764266273','123456','胡辣汤','3.50',1,'http://p14.qhimg.com/t0120e0e0c91bdff49a.jpg','2019-04-19 17:32:11','2019-04-19 17:32:11'),('1555666331768422965','1555666331764266273','123457','皮皮虾','3.20',1,'http://upload.ldnews.cn/oldfiles/foodplaza/UploadFiles_6403/200905/2009052709112026.jpg','2019-04-19 17:32:11','2019-04-19 17:32:11'),('1555743495011376095','1555743494987775533','123456','胡辣汤','3.50',1,'https://timgsa.baidu.com/timg?image&quality=80&size=b9999_10000&sec=1556277308&di=9848f36f521e4530577886808567514c&imgtype=jpg&er=1&src=http%3A%2F%2Fpic3.40017.cn%2Fpoi%2F2016%2F03%2F11%2F15%2FNc5eTt_640x320_00.jpg','2019-04-20 14:58:15','2019-04-20 14:58:15'),('1555743495058706480','1555743494987775533','1555554369328927994','美味鸡翅','15.00',1,'//fuss10.elemecdn.com/7/4a/f307f56216b03f067155aec8b124ejpeg.jpeg','2019-04-20 14:58:15','2019-04-20 14:58:15'),('1555743495062207333','1555743494987775533','1555672818142837227','糖醋排骨','20.00',1,'https://timgsa.baidu.com/timg?image&quality=80&size=b9999_10000&sec=1555682834604&di=65240b4639273b018760a5dd34cefefb&imgtype=0&src=http%3A%2F%2Fpic4.nipic.com%2F20090925%2F3304655_155912054873_2.jpg','2019-04-20 14:58:15','2019-04-20 14:58:15'),('1555743961729733674','1555743961728848856','123456','胡辣汤','3.50',1,'https://timgsa.baidu.com/timg?image&quality=80&size=b9999_10000&sec=1556277308&di=9848f36f521e4530577886808567514c&imgtype=jpg&er=1&src=http%3A%2F%2Fpic3.40017.cn%2Fpoi%2F2016%2F03%2F11%2F15%2FNc5eTt_640x320_00.jpg','2019-04-20 15:06:01','2019-04-20 15:06:01'),('1555743961734584230','1555743961728848856','1555554369328927994','美味鸡翅','15.00',1,'//fuss10.elemecdn.com/7/4a/f307f56216b03f067155aec8b124ejpeg.jpeg','2019-04-20 15:06:01','2019-04-20 15:06:01'),('1555749691777468335','1555749691757246897','123456','胡辣汤','3.50',1,'https://timgsa.baidu.com/timg?image&quality=80&size=b9999_10000&sec=1556277308&di=9848f36f521e4530577886808567514c&imgtype=jpg&er=1&src=http%3A%2F%2Fpic3.40017.cn%2Fpoi%2F2016%2F03%2F11%2F15%2FNc5eTt_640x320_00.jpg','2019-04-20 16:41:31','2019-04-20 16:41:31'),('1555749691827195342','1555749691757246897','1555554369328927994','美味鸡翅','15.00',1,'//fuss10.elemecdn.com/7/4a/f307f56216b03f067155aec8b124ejpeg.jpeg','2019-04-20 16:41:31','2019-04-20 16:41:31'),('1555749840064517018','1555749840064392183','123456','胡辣汤','3.50',1,'https://timgsa.baidu.com/timg?image&quality=80&size=b9999_10000&sec=1556277308&di=9848f36f521e4530577886808567514c&imgtype=jpg&er=1&src=http%3A%2F%2Fpic3.40017.cn%2Fpoi%2F2016%2F03%2F11%2F15%2FNc5eTt_640x320_00.jpg','2019-04-20 16:44:00','2019-04-20 16:44:00'),('1555749840068833300','1555749840064392183','1555554369328927994','美味鸡翅','15.00',1,'//fuss10.elemecdn.com/7/4a/f307f56216b03f067155aec8b124ejpeg.jpeg','2019-04-20 16:44:00','2019-04-20 16:44:00'),('1555749935309911708','1555749935309885041','1555673183063578935','海底捞','150.00',1,'http://y1.ifengimg.com/225e8732575dd93d/2015/1009/rdn_561786f65610c.jpg','2019-04-20 16:45:35','2019-04-20 16:45:35'),('1555749935316335927','1555749935309885041','1555555109488584202','牛肉丸','5.00',1,'https://timgsa.baidu.com/timg?image&quality=80&size=b9999_10000&sec=1555682442624&di=983c44abdb43de78a3b90743f50b9c62&imgtype=0&src=http%3A%2F%2Fimg3.99114.com%2Fgroup10%2FM00%2F9E%2FA1%2FrBADs1nrJRGAPTowAANAyRI74_g466.jpg','2019-04-20 16:45:35','2019-04-20 16:45:35'),('1555749937860684091','1555749937860450195','1555673183063578935','海底捞','150.00',1,'http://y1.ifengimg.com/225e8732575dd93d/2015/1009/rdn_561786f65610c.jpg','2019-04-20 16:45:37','2019-04-20 16:45:37'),('1555749937868504025','1555749937860450195','1555555109488584202','牛肉丸','5.00',1,'https://timgsa.baidu.com/timg?image&quality=80&size=b9999_10000&sec=1555682442624&di=983c44abdb43de78a3b90743f50b9c62&imgtype=0&src=http%3A%2F%2Fimg3.99114.com%2Fgroup10%2FM00%2F9E%2FA1%2FrBADs1nrJRGAPTowAANAyRI74_g466.jpg','2019-04-20 16:45:37','2019-04-20 16:45:37'),('1555753496045490478','1555753496044189478','123456','胡辣汤','3.50',1,'https://timgsa.baidu.com/timg?image&quality=80&size=b9999_10000&sec=1556277308&di=9848f36f521e4530577886808567514c&imgtype=jpg&er=1&src=http%3A%2F%2Fpic3.40017.cn%2Fpoi%2F2016%2F03%2F11%2F15%2FNc5eTt_640x320_00.jpg','2019-04-20 17:44:56','2019-04-20 17:44:56'),('1555753496054997602','1555753496044189478','1555554369328927994','美味鸡翅','15.00',1,'//fuss10.elemecdn.com/7/4a/f307f56216b03f067155aec8b124ejpeg.jpeg','2019-04-20 17:44:56','2019-04-20 17:44:56'),('1555753497062906585','1555753497061346068','123456','胡辣汤','3.50',1,'https://timgsa.baidu.com/timg?image&quality=80&size=b9999_10000&sec=1556277308&di=9848f36f521e4530577886808567514c&imgtype=jpg&er=1&src=http%3A%2F%2Fpic3.40017.cn%2Fpoi%2F2016%2F03%2F11%2F15%2FNc5eTt_640x320_00.jpg','2019-04-20 17:44:57','2019-04-20 17:44:57'),('1555753497068676763','1555753497061346068','1555554369328927994','美味鸡翅','15.00',1,'//fuss10.elemecdn.com/7/4a/f307f56216b03f067155aec8b124ejpeg.jpeg','2019-04-20 17:44:57','2019-04-20 17:44:57'),('1555753683627457729','1555753683626320338','123456','胡辣汤','3.50',1,'https://timgsa.baidu.com/timg?image&quality=80&size=b9999_10000&sec=1556277308&di=9848f36f521e4530577886808567514c&imgtype=jpg&er=1&src=http%3A%2F%2Fpic3.40017.cn%2Fpoi%2F2016%2F03%2F11%2F15%2FNc5eTt_640x320_00.jpg','2019-04-20 17:48:03','2019-04-20 17:48:03'),('1556287856941323394','1556287856920679029','123456','胡辣汤','3.50',1,'https://timgsa.baidu.com/timg?image&quality=80&size=b9999_10000&sec=1556277308&di=9848f36f521e4530577886808567514c&imgtype=jpg&er=1&src=http%3A%2F%2Fpic3.40017.cn%2Fpoi%2F2016%2F03%2F11%2F15%2FNc5eTt_640x320_00.jpg','2019-04-26 22:10:57','2019-04-26 22:10:57'),('1556287856979220383','1556287856920679029','1555672818142837227','糖醋排骨','20.00',1,'https://timgsa.baidu.com/timg?image&quality=80&size=b9999_10000&sec=1555682834604&di=65240b4639273b018760a5dd34cefefb&imgtype=0&src=http%3A%2F%2Fpic4.nipic.com%2F20090925%2F3304655_155912054873_2.jpg','2019-04-26 22:10:57','2019-04-26 22:10:57'),('1556287858406720701','1556287858402173533','123456','胡辣汤','3.50',1,'https://timgsa.baidu.com/timg?image&quality=80&size=b9999_10000&sec=1556277308&di=9848f36f521e4530577886808567514c&imgtype=jpg&er=1&src=http%3A%2F%2Fpic3.40017.cn%2Fpoi%2F2016%2F03%2F11%2F15%2FNc5eTt_640x320_00.jpg','2019-04-26 22:10:58','2019-04-26 22:10:58'),('1556287858412720700','1556287858402173533','1555672818142837227','糖醋排骨','20.00',1,'https://timgsa.baidu.com/timg?image&quality=80&size=b9999_10000&sec=1555682834604&di=65240b4639273b018760a5dd34cefefb&imgtype=0&src=http%3A%2F%2Fpic4.nipic.com%2F20090925%2F3304655_155912054873_2.jpg','2019-04-26 22:10:58','2019-04-26 22:10:58');

/*Table structure for table `order_master` */

DROP TABLE IF EXISTS `order_master`;

CREATE TABLE `order_master` (
  `order_id` varchar(32) NOT NULL,
  `buyer_name` varchar(32) NOT NULL COMMENT 'ä¹°å®¶åå­—',
  `buyer_phone` varchar(32) NOT NULL COMMENT 'ä¹°å®¶ç”µè¯',
  `buyer_address` varchar(128) NOT NULL COMMENT 'ä¹°å®¶åœ°å€',
  `buyer_openid` varchar(64) NOT NULL COMMENT 'ä¹°å®¶å¾®ä¿¡openid',
  `order_amount` decimal(8,2) NOT NULL COMMENT 'è®¢å•æ€»é‡‘é¢',
  `order_status` tinyint(3) NOT NULL DEFAULT '0' COMMENT 'è®¢å•çŠ¶æ€, é»˜è®¤ä¸ºæ–°ä¸‹å•',
  `pay_status` tinyint(3) NOT NULL DEFAULT '0' COMMENT 'æ”¯ä»˜çŠ¶æ€, é»˜è®¤æœªæ”¯ä»˜',
  `create_time` timestamp NOT NULL DEFAULT CURRENT_TIMESTAMP COMMENT 'åˆ›å»ºæ—¶é—´',
  `update_time` timestamp NOT NULL DEFAULT CURRENT_TIMESTAMP ON UPDATE CURRENT_TIMESTAMP COMMENT 'ä¿®æ”¹æ—¶é—´',
  PRIMARY KEY (`order_id`),
  KEY `idx_buyer_openid` (`buyer_openid`)
) ENGINE=InnoDB DEFAULT CHARSET=utf8 COMMENT='è®¢å•è¡¨';

/*Data for the table `order_master` */

insert  into `order_master`(`order_id`,`buyer_name`,`buyer_phone`,`buyer_address`,`buyer_openid`,`order_amount`,`order_status`,`pay_status`,`create_time`,`update_time`) values ('1555411089134843686','蛋哥','15291082266','科大时代广场比特科技','110110','67.00',2,1,'2019-04-16 18:38:09','2019-04-18 09:37:04'),('1555411553661767129','小弟','13876514123','科大时代广场比特科技','110110','67.00',2,0,'2019-04-16 18:45:53','2019-04-18 01:52:18'),('1555411672489825929','小弟','13876514123','科大时代广场比特科技','110110','67.00',0,0,'2019-04-16 18:47:52','2019-04-16 18:47:52'),('1555465518553343663',' 张三',' 18868822111',' 帅哥的街道',' ew3euwhd7sjw9diwkq','6.40',2,0,'2019-04-17 09:45:18','2019-04-18 09:15:50'),('1555550222321922189','大帅哥','13576584123','科大时代广场比特科技','110110','6.70',0,0,'2019-04-18 09:17:02','2019-04-18 09:17:02'),('1555550306114322146','大帅哥','13975514123','中科院','110110','6.70',0,0,'2019-04-18 09:18:26','2019-04-18 09:18:26'),('1555550369975120650','帅气逼人','15976543423','中科曙光','110110','6.70',1,1,'2019-04-18 09:19:30','2019-04-18 09:41:38'),('1555550409648433570','英姿飒爽','15976543412','清湖','110110','6.70',0,0,'2019-04-18 09:20:09','2019-04-18 09:41:41'),('1555550428446837860','英姿飒爽','15976534123','清湖','110110','6.70',0,1,'2019-04-18 09:20:28','2019-04-18 09:41:47'),('1555550474938474667','云崖子','15235673412','清湖','110110','6.70',0,0,'2019-04-18 09:21:15','2019-04-18 09:41:53'),('1555550517747407380','云中仙鹤','13635734123','清湖','110110','6.70',0,0,'2019-04-18 09:21:57','2019-04-18 09:41:57'),('1555550617345975930','彩虹','13423562345','清湖','110110','6.70',0,0,'2019-04-18 09:23:37','2019-04-18 09:23:37'),('1555571216163736814','彩虹','13423562345','清湖','110110','6.70',0,0,'2019-04-18 15:06:56','2019-04-18 15:06:56'),('1555571254165300478','彩虹','13423562345','清湖','110110','6.70',0,0,'2019-04-18 15:07:34','2019-04-18 15:07:34'),('1555597790891373422','帅的','1234','wefw','abc123','7.00',0,0,'2019-04-18 22:29:50','2019-04-18 22:29:50'),('1555601149671884466','zou','1','hgh','abc123','6.70',0,0,'2019-04-18 23:25:49','2019-04-18 23:25:49'),('1555608573904742592','帅哥','12331','阿达','abc123','6.40',0,0,'2019-04-19 01:29:33','2019-04-19 01:29:33'),('1555608731345610783','帅的','241','12二大','abc123','18.20',0,0,'2019-04-19 01:32:11','2019-04-19 01:32:11'),('1555608768657959549','d','21414212','czadda','abc123','18.20',0,0,'2019-04-19 01:32:48','2019-04-19 01:32:48'),('1555648844394296465','邹','15770542315','十大歌手','\"abc\"','5.00',0,0,'2019-04-19 12:40:44','2019-04-19 12:40:44'),('1555659579842411661','zou','12342','dsfda','abc123','6.70',0,0,'2019-04-19 15:39:39','2019-04-19 15:39:39'),('1555661931670932288','邹哥','122242','分为','abc123','25.00',0,0,'2019-04-19 16:18:51','2019-04-19 16:18:51'),('1555662211777135465','邹总','13876542312','天空','abc123','6.70',0,0,'2019-04-19 16:23:31','2019-04-19 16:23:31'),('1555662452511967731','邹总','123423','的','abc123','6.70',0,0,'2019-04-19 16:27:32','2019-04-19 16:27:32'),('1555662486592712115','分','13235','师德师风','abc123','6.70',0,0,'2019-04-19 16:28:06','2019-04-19 16:28:06'),('1555662552785196759','鼎折覆餗','13214','地方GV发','abc123','6.70',0,0,'2019-04-19 16:29:12','2019-04-19 16:29:12'),('1555662778492607051','帅哥','124235','十多个人的','abc123','6.70',0,0,'2019-04-19 16:32:58','2019-04-19 16:32:58'),('1555662903638602194','邹总','12432','啥都好说','abc123','25.00',0,0,'2019-04-19 16:35:03','2019-04-19 16:35:03'),('1555664806239168321','发热','121214512','水状','abc123','18.20',0,0,'2019-04-19 17:06:46','2019-04-19 17:06:46'),('1555665925281175163','邹','12214','的','abc123','21.70',0,0,'2019-04-19 17:25:25','2019-04-19 17:25:25'),('1555665991274399557','是的','1234','地方','abc123','6.70',0,0,'2019-04-19 17:26:31','2019-04-19 17:26:31'),('1555666162709498985','设','12323','发的贝多芬','abc123','6.70',0,0,'2019-04-19 17:29:22','2019-04-19 17:29:22'),('1555666201073714854','分','1234312','水电费','abc123','6.70',0,0,'2019-04-19 17:30:01','2019-04-19 17:30:01'),('1555666331764266273','邹哥','154365','三大城市的','abc123','6.70',0,0,'2019-04-19 17:32:11','2019-04-19 17:32:11'),('1555743494987775533','shuag','13214235','dsfsdv','abc123','38.50',0,0,'2019-04-20 14:58:15','2019-04-20 14:58:15'),('1555743961728848856','zou','15773420453','清湖','abc123','18.50',0,0,'2019-04-20 15:06:01','2019-04-20 15:06:01'),('1555749691757246897','dds','1577613465','djed','\"123\"','18.50',0,0,'2019-04-20 16:41:31','2019-04-20 16:41:31'),('1555749840064392183','zou','15464155','ddfd','\"123\"','18.50',0,0,'2019-04-20 16:44:00','2019-04-20 16:44:00'),('1555749935309885041','dd','4752','dfg','\"123\"','155.00',0,0,'2019-04-20 16:45:35','2019-04-20 16:45:35'),('1555749937860450195','dd','4752','dfg','\"123\"','155.00',0,0,'2019-04-20 16:45:37','2019-04-20 16:45:37'),('1555753496044189478','dff','15525255','rfre','\"123\"','18.50',0,0,'2019-04-20 17:44:56','2019-04-20 17:44:56'),('1555753497061346068','dff','15525255','rfre','\"123\"','18.50',0,0,'2019-04-20 17:44:57','2019-04-20 17:44:57'),('1555753683626320338','ffd','15525','ftr','\"123\"','3.50',0,0,'2019-04-20 17:48:03','2019-04-20 17:48:03'),('1556287856920679029','邹','15461461464','307','\"123\"','23.50',0,0,'2019-04-26 22:10:57','2019-04-26 22:10:57'),('1556287858402173533','邹','15461461464','307','\"123\"','23.50',0,0,'2019-04-26 22:10:58','2019-04-26 22:10:58');

/*Table structure for table `product_category` */

DROP TABLE IF EXISTS `product_category`;

CREATE TABLE `product_category` (
  `category_id` int(11) NOT NULL AUTO_INCREMENT,
  `category_name` varchar(64) NOT NULL COMMENT 'ç±»ç›®åå­—',
  `category_type` int(11) NOT NULL COMMENT 'ç±»ç›®ç¼–å·',
  `create_time` timestamp NOT NULL DEFAULT CURRENT_TIMESTAMP COMMENT 'åˆ›å»ºæ—¶é—´',
  `update_time` timestamp NOT NULL DEFAULT CURRENT_TIMESTAMP ON UPDATE CURRENT_TIMESTAMP COMMENT 'ä¿®æ”¹æ—¶é—´',
  PRIMARY KEY (`category_id`)
) ENGINE=InnoDB AUTO_INCREMENT=6 DEFAULT CHARSET=utf8 COMMENT='ç±»ç›®è¡¨';

/*Data for the table `product_category` */

insert  into `product_category`(`category_id`,`category_name`,`category_type`,`create_time`,`update_time`) values (1,'热销榜',2,'2019-01-30 17:38:28','2019-03-17 12:40:43'),(2,'小丸子',3,'2019-03-17 21:45:05','2019-04-19 15:49:45'),(3,'高热量',1,'2019-04-18 21:47:24','2019-04-19 15:50:13'),(4,'主食',5,'2019-04-19 19:30:33','2019-04-19 20:10:48'),(5,'海鲜',4,'2019-04-19 20:08:15','2019-04-19 20:11:16');

/*Table structure for table `product_info` */

DROP TABLE IF EXISTS `product_info`;

CREATE TABLE `product_info` (
  `product_id` varchar(32) NOT NULL,
  `product_name` varchar(64) NOT NULL COMMENT 'å•†å“åç§°',
  `product_price` decimal(8,2) NOT NULL COMMENT 'å•ä»·',
  `product_stock` int(11) NOT NULL COMMENT 'åº“å­˜',
  `product_description` varchar(64) DEFAULT NULL COMMENT 'æè¿°',
  `product_icon` varchar(512) DEFAULT NULL COMMENT 'å°å›¾',
  `product_status` tinyint(3) DEFAULT '0' COMMENT 'å•†å“çŠ¶æ€,0æ­£å¸¸1ä¸‹æž¶',
  `category_type` int(11) NOT NULL COMMENT 'ç±»ç›®ç¼–å·',
  `create_time` timestamp NOT NULL DEFAULT CURRENT_TIMESTAMP COMMENT 'åˆ›å»ºæ—¶é—´',
  `update_time` timestamp NOT NULL DEFAULT CURRENT_TIMESTAMP ON UPDATE CURRENT_TIMESTAMP COMMENT 'ä¿®æ”¹æ—¶é—´',
  PRIMARY KEY (`product_id`)
) ENGINE=InnoDB DEFAULT CHARSET=utf8 COMMENT='å•†å“è¡¨';

/*Data for the table `product_info` */

insert  into `product_info`(`product_id`,`product_name`,`product_price`,`product_stock`,`product_description`,`product_icon`,`product_status`,`category_type`,`create_time`,`update_time`) values ('123456','胡辣汤','3.50',57,'胡辣汤，够味儿','https://timgsa.baidu.com/timg?image&quality=80&size=b9999_10000&sec=1556277308&di=9848f36f521e4530577886808567514c&imgtype=jpg&er=1&src=http%3A%2F%2Fpic3.40017.cn%2Fpoi%2F2016%2F03%2F11%2F15%2FNc5eTt_640x320_00.jpg',0,2,'2019-03-09 11:33:27','2019-04-26 22:10:58'),('123457','皮皮虾','3.20',63,'很好吃的虾','http://upload.ldnews.cn/oldfiles/foodplaza/UploadFiles_6403/200905/2009052709112026.jpg',0,4,'2019-03-17 21:43:46','2019-04-19 20:11:58'),('123458','芒果冰','20.00',198,'冰冰的很舒服','http://rj1.douguo.net/upload/diet/c/a/0/ca6a486178a29c2951d7f8d52eaebed0.jpg',0,1,'2019-03-17 21:46:25','2019-04-19 16:35:03'),('1555554369328927994','美味鸡翅','15.00',190,'好吃的不要不要','//fuss10.elemecdn.com/7/4a/f307f56216b03f067155aec8b124ejpeg.jpeg',0,2,'2019-04-18 10:26:09','2019-04-20 17:44:57'),('1555555109488584202','牛肉丸','5.00',17,'会撒尿的肉丸','https://timgsa.baidu.com/timg?image&quality=80&size=b9999_10000&sec=1555682442624&di=983c44abdb43de78a3b90743f50b9c62&imgtype=0&src=http%3A%2F%2Fimg3.99114.com%2Fgroup10%2FM00%2F9E%2FA1%2FrBADs1nrJRGAPTowAANAyRI74_g466.jpg',0,3,'2019-04-18 10:38:29','2019-04-20 16:45:37'),('1555571457178626109','烤鸭','50.00',80,'北京烤鸭','https://ss3.bdstatic.com/70cFv8Sh_Q1YnxGkpoWK1HF6hhy/it/u=4160105330,3932180633&fm=27&gp=0.jpg',0,1,'2019-04-18 15:10:57','2019-04-19 19:15:46'),('1555672700019729577','帝皇蟹','50.00',200,'美味儿海鲜帝皇蟹','https://timgsa.baidu.com/timg?image&quality=80&size=b9999_10000&sec=1555682703175&di=aebcb6ae37649c1f95c79d26cada4a12&imgtype=0&src=http%3A%2F%2Fdingyue.ws.126.net%2FbLguLv0XStoInIZJz85e3NB17Hbh7ES8difc90XIdXI%3DL1553013908097compressflag.jpg',0,4,'2019-04-19 19:18:20','2019-04-19 20:12:13'),('1555672818142837227','糖醋排骨','20.00',197,'美味有点腻','https://timgsa.baidu.com/timg?image&quality=80&size=b9999_10000&sec=1555682834604&di=65240b4639273b018760a5dd34cefefb&imgtype=0&src=http%3A%2F%2Fpic4.nipic.com%2F20090925%2F3304655_155912054873_2.jpg',0,2,'2019-04-19 19:20:18','2019-04-26 22:10:58'),('1555673183063578935','海底捞','150.00',198,'海底捞火锅','http://y1.ifengimg.com/225e8732575dd93d/2015/1009/rdn_561786f65610c.jpg',0,2,'2019-04-19 19:26:23','2019-04-20 16:45:37'),('1555673515702361684','米饭','2.00',300,'白米饭','https://ss0.bdstatic.com/70cFvHSh_Q1YnxGkpoWK1HF6hhy/it/u=2344873878,4038886942&fm=26&gp=0.jpg',1,5,'2019-04-19 19:31:55','2019-04-20 17:46:22'),('1555673644862415157','红烧牛肉面','15.00',200,'美味的牛肉面','http://imgsrc.baidu.com/image/c0%3Dpixel_huitu%2C0%2C0%2C294%2C40/sign=1bc9be73d1b44aed4d43b6a4da64e26d/f603918fa0ec08faccecae9e52ee3d6d55fbda1f.jpg',0,5,'2019-04-19 19:34:04','2019-04-19 20:12:39'),('1555674652425754397','牛肉粉','15.00',200,'美味的牛肉粉','http://hao.qudao.com/upload/article/20160328/74532379711459142249.jpg',0,5,'2019-04-19 19:50:52','2019-04-19 20:13:12'),('1555675494057389942','小笼包','12.00',200,'好吃的小笼包','http://www.1588.tv/uploadfile/2014/5-7/20145795517238.jpg',0,5,'2019-04-19 20:04:54','2019-04-19 20:13:26'),('1555675645196861620','皮蛋粥','12.00',200,'清火皮蛋粥','http://img.mp.itc.cn/upload/20170801/3ac470f7c3a84960a80743bf36ebc62c_th.jpg',0,5,'2019-04-19 20:07:25','2019-04-19 20:13:47'),('1555753651251641573','油条','23.00',300,'申达股份','https://ss3.bdstatic.com/70cFv8Sh_Q1YnxGkpoWK1HF6hhy/it/u=2823243961,1772350656&fm=26&gp=0.jpg',0,1,'2019-04-20 17:47:31','2019-04-20 17:47:31');

/*Table structure for table `sell_user` */

DROP TABLE IF EXISTS `sell_user`;

CREATE TABLE `sell_user` (
  `sid` varchar(30) NOT NULL,
  `name` varchar(30) DEFAULT NULL,
  `pass` varchar(30) DEFAULT NULL,
  PRIMARY KEY (`sid`)
) ENGINE=InnoDB DEFAULT CHARSET=utf8;

/*Data for the table `sell_user` */

/*Table structure for table `seller_info` */

DROP TABLE IF EXISTS `seller_info`;

CREATE TABLE `seller_info` (
  `seller_id` varchar(32) NOT NULL,
  `username` varchar(32) NOT NULL,
  `password` varchar(32) NOT NULL,
  `openid` varchar(64) DEFAULT NULL COMMENT 'å¾®ä¿¡openid',
  `create_time` timestamp NOT NULL DEFAULT CURRENT_TIMESTAMP COMMENT 'åˆ›å»ºæ—¶é—´',
  `update_time` timestamp NOT NULL DEFAULT CURRENT_TIMESTAMP ON UPDATE CURRENT_TIMESTAMP COMMENT 'ä¿®æ”¹æ—¶é—´',
  PRIMARY KEY (`seller_id`)
) ENGINE=InnoDB DEFAULT CHARSET=utf8 COMMENT='å–å®¶ä¿¡æ¯è¡¨';

/*Data for the table `seller_info` */

insert  into `seller_info`(`seller_id`,`username`,`password`,`openid`,`create_time`,`update_time`) values ('1','zyp','123','abc','2019-04-18 15:31:29','2019-04-18 15:31:29'),('1555575012582313790','yuisama','123456','dff','2019-04-18 16:10:12','2019-04-19 17:46:02'),('2','ss','123','ddd','2019-04-18 16:01:57','2019-04-19 16:29:50');

/*!40101 SET SQL_MODE=@OLD_SQL_MODE */;
/*!40014 SET FOREIGN_KEY_CHECKS=@OLD_FOREIGN_KEY_CHECKS */;
/*!40014 SET UNIQUE_CHECKS=@OLD_UNIQUE_CHECKS */;
/*!40111 SET SQL_NOTES=@OLD_SQL_NOTES */;
